,State,District,Latitude,Longitude,State name,Population,Male,Female,Literate,Hindus,Muslims,Christians,Sikhs,Buddhists,Households_with_Internet
0,Andhra Pradesh,Adilabad,19.284513950073435,78.81321233480176,ANDHRA PRADESH,2741239,1369597,1371642,1483347,2399901,275970,15422,1377,25510,5512
1,Andhra Pradesh,Anantapur,14.312065561843148,77.4601584478577,ANDHRA PRADESH,4081148,2064495,2016653,2310960,3599372,443456,20463,932,341,8606
2,Andhra Pradesh,Chittoor,13.33109263067696,78.92763898886037,ANDHRA PRADESH,4174064,2090204,2083860,2667878,3737588,397870,24129,867,253,13763
3,Andhra Pradesh,East Godavari,16.782718320784902,82.2432074720511,ANDHRA PRADESH,5154296,2569688,2584608,3288577,4983330,77777,77825,738,413,22411
4,Andhra Pradesh,Guntur,15.884925767634847,80.58657614107885,ANDHRA PRADESH,4887813,2440521,2447292,2960441,4217597,559770,89763,764,323,19383
5,Andhra Pradesh,Hyderabad,17.38971555555556,78.46668888888888,ANDHRA PRADESH,3943323,2018575,1924748,2892155,2046051,1713405,87522,11446,1268,149034
6,Andhra Pradesh,Karimnagar,18.515483193277312,79.43765428571413,ANDHRA PRADESH,3776269,1880800,1895469,2206829,3491139,244723,24979,2086,332,8831
7,Andhra Pradesh,Khammam,17.683921325051784,80.67008643892335,ANDHRA PRADESH,2797370,1390988,1406382,1630234,2595321,158887,33463,655,217,8628
8,Andhra Pradesh,Krishna,16.143872753151673,81.14805061000413,ANDHRA PRADESH,4517398,2267375,2250023,3009718,4023678,307043,145598,1393,863,30438
9,Andhra Pradesh,Kurnool,15.43759715142429,77.90086836581717,ANDHRA PRADESH,4053463,2039227,2014236,2127161,3328380,670737,33165,737,255,10081
10,Andhra Pradesh,Mahbubnagar,16.639546224256293,77.98933089244859,ANDHRA PRADESH,4053028,2050386,2002642,1940646,3673456,334172,21345,658,290,6153
11,Andhra Pradesh,Medak,17.889304978038055,78.13778901903379,ANDHRA PRADESH,3033288,1523030,1510258,1637137,2637313,342449,34301,1309,554,8635
12,Andhra Pradesh,Nalgonda,17.113250515463907,79.16984453608244,ANDHRA PRADESH,3488809,1759772,1729037,2001019,3249231,188646,35025,937,241,7715
13,Andhra Pradesh,Nizamabad,18.429485849056604,78.07523490566035,ANDHRA PRADESH,2551335,1250641,1300694,1389810,2123426,391596,19653,2357,1847,5261
14,Andhra Pradesh,Prakasam,15.489039001601704,80.11665790176184,ANDHRA PRADESH,3397448,1714764,1682684,1904435,3150195,220654,18775,266,97,6151
15,Andhra Pradesh,Srikakulam,18.570900998697432,84.25874814010675,ANDHRA PRADESH,2703114,1341738,1361376,1495381,2666950,9025,18879,193,77,3988
16,Andhra Pradesh,Vizianagaram,18.28329696032972,83.45982854198873,ANDHRA PRADESH,2344474,1161477,1182997,1238388,2299129,16423,17853,380,114,4453
17,Andhra Pradesh,Warangal,18.01752608695651,79.87422028985509,ANDHRA PRADESH,3512576,1759281,1753295,2065023,3273755,197333,31377,1453,253,12952
18,Andhra Pradesh,West Godavari,16.63297943925236,81.45912990654196,ANDHRA PRADESH,3936966,1964918,1972048,2652389,3733191,86142,109120,288,209,12050
19,Arunachal Pradesh,Changlang,27.36048479338845,96.37552644628106,ARUNACHAL PRADESH,148226,76948,71278,73174,47683,2134,35969,94,50381,170
20,Arunachal Pradesh,East Kameng,27.371194055944056,93.04741486013997,ARUNACHAL PRADESH,78690,38775,39915,38449,12333,652,37136,36,452,57
21,Arunachal Pradesh,East Siang,28.15382352941176,95.06499226006191,ARUNACHAL PRADESH,99214,50116,49098,62576,27854,2289,18254,69,776,450
22,Arunachal Pradesh,Kurung Kumey,28.04853351800553,93.24531994459834,ARUNACHAL PRADESH,92076,45318,46758,36606,4859,471,51189,43,121,95
23,Arunachal Pradesh,Lohit,27.946785273972623,96.59670770547945,ARUNACHAL PRADESH,145726,76221,69505,83062,99020,3846,10684,210,24452,312
24,Arunachal Pradesh,Lower Dibang Valley,28.32651730103806,95.76567335640142,ARUNACHAL PRADESH,54080,28053,26027,31849,28915,2247,9213,33,2932,207
25,Arunachal Pradesh,Lower Subansiri,27.70849297297297,93.96226108108112,ARUNACHAL PRADESH,83030,41843,41187,54057,9551,1482,34402,27,193,381
26,Arunachal Pradesh,Papum Pare,27.273529716981127,93.54468183962264,ARUNACHAL PRADESH,176573,89182,87391,121048,57027,6148,84397,310,4768,2477
27,Arunachal Pradesh,Tawang,27.680683962264148,91.82504245283016,ARUNACHAL PRADESH,49977,29151,20826,26073,11842,787,776,1164,34920,96
28,Arunachal Pradesh,Tirap,26.94406229508198,95.41470327868862,ARUNACHAL PRADESH,111975,57604,54371,47974,20682,1103,83361,61,778,98
29,Arunachal Pradesh,Upper Siang,28.8309244897959,95.00155765306124,ARUNACHAL PRADESH,35320,18699,16621,18195,5261,411,5643,27,2577,97
30,Arunachal Pradesh,Upper Subansiri,28.277196566523585,93.8991435622318,ARUNACHAL PRADESH,83448,41758,41690,45278,13474,521,8779,28,297,139
31,Arunachal Pradesh,West Kameng,27.46486582278483,92.65015750452083,ARUNACHAL PRADESH,83947,46155,37792,48492,31265,1970,8466,328,36087,202
32,Arunachal Pradesh,West Siang,28.106296920289843,94.53510344202908,ARUNACHAL PRADESH,112274,58168,54106,64746,15881,2218,29969,577,3311,303
33,Assam,Barpeta,26.427872264631056,90.97912010178116,ASSAM,1693622,867004,826618,897058,492966,1198036,1020,112,49,2078
34,Assam,Bongaigaon,26.45012521994133,90.6734296187684,ASSAM,738804,375818,362986,434078,359145,371033,5924,384,236,2523
35,Assam,Cachar,24.815570668693017,92.86849650455927,ASSAM,1736617,886284,850333,1174128,1038985,654816,37635,280,341,5316
36,Assam,Darrang,26.58463215962442,92.04141338028155,ASSAM,928500,475273,453227,487039,327322,597392,1688,431,57,1166
37,Assam,Dhemaji,27.586533438485816,94.71336908517353,ASSAM,686133,351249,334884,423028,655052,13475,8711,297,911,1192
38,Assam,Dibrugarh,27.30612284482757,95.0998282327587,ASSAM,1326335,676434,649901,884531,1198401,64526,52968,2261,4673,8817
39,Assam,Goalpara,26.017277777777807,90.59869891598912,ASSAM,1008183,513292,494891,563577,347878,579929,77862,771,194,1364
40,Assam,Golaghat,26.377219709794485,93.82583397823468,ASSAM,1066888,543161,523727,721764,917426,90312,50582,1131,3863,3073
41,Assam,Hailakandi,24.457496089385486,92.59154664804475,ASSAM,659296,337890,321406,407366,251194,397653,8480,84,490,1211
42,Assam,Jorhat,26.76244824016563,94.30197722567289,ASSAM,1092256,556805,535451,794929,1008219,54684,21051,1540,2378,5651
43,Assam,Kamrup,26.170939452054807,91.58863273972592,ASSAM,1517542,778461,739081,995319,877495,601784,33297,319,185,3109
44,Assam,Karbi Anglong,26.08966454598031,93.11536570271832,ASSAM,956313,490167,466146,557214,766000,20290,157789,370,6260,1923
45,Assam,Karimganj,24.69660712250711,92.3679498575498,ASSAM,1228686,625864,602822,795297,521962,692489,11990,114,446,1933
46,Assam,Kokrajhar,26.497246635730868,90.13997470997688,ASSAM,887142,452905,434237,489305,529068,252271,101091,93,1718,1218
47,Assam,Lakhimpur,27.14128805970149,94.0775949253732,ASSAM,1042137,529674,512463,683486,797130,193476,46217,412,1074,1948
48,Assam,Nagaon,26.26462170626351,92.9306191144708,ASSAM,2823768,1439112,1384656,1710716,1225246,1563203,26844,3036,1073,5121
49,Assam,Nalbari,26.46323767605632,91.40598521126763,ASSAM,771639,396006,375633,531771,491582,277488,429,62,27,1631
50,Assam,Sonitpur,26.73514926829268,92.85197804878044,ASSAM,1924110,983904,940206,1108572,1422824,350536,138166,1363,5088,4358
51,Assam,Tinsukia,27.53549291139241,95.69055949367085,ASSAM,1327929,680231,647698,798322,1181347,48373,76877,1999,16228,5135
52,Bihar,Araria,26.211528119180603,87.30766554934816,BIHAR,2811569,1463333,1348236,1195768,1593525,1207442,4116,371,187,2561
53,Bihar,Aurangabad,24.774291867469877,84.45986024096379,BIHAR,2540073,1318684,1221389,1466002,2291133,237353,2218,295,334,2362
54,Bihar,Aurangabad,24.774291867469877,84.45986024096379,MAHARASHTRA,3701282,1924469,1776813,2503837,2545438,786677,15991,5142,309093,23258
55,Bihar,Banka,24.832355642023337,86.8664916342413,BIHAR,2034763,1067140,967623,965321,1772655,250925,6138,139,113,1704
56,Bihar,Begusarai,25.54302613168723,86.12560144032932,BIHAR,2970541,1567660,1402881,1548673,2554330,407348,2209,402,229,4644
57,Bihar,Bhagalpur,25.277192885375477,87.04213814229242,BIHAR,3037766,1615663,1422103,1573066,2487866,537098,3556,415,180,6764
58,Bihar,Bhojpur,25.50666439393939,84.49407803030304,BIHAR,2728407,1430380,1298027,1599151,2518216,197819,2165,544,647,3661
59,Bihar,Buxar,25.48593018867924,84.08808081760995,BIHAR,1706352,887977,818375,989807,1591454,105423,2125,248,5090,1784
60,Bihar,Darbhanga,26.146187719298258,85.97387352472099,BIHAR,3937385,2059949,1877436,1816634,3042729,881476,3534,832,245,6280
61,Bihar,Gaya,24.7266541547278,84.94291217765044,BIHAR,4391418,2266566,2124852,2297613,3876395,488121,3943,913,870,6856
62,Bihar,Gopalganj,26.44874364161851,84.34636127167629,BIHAR,2562012,1267666,1294346,1382998,2119262,436057,2463,271,167,3707
63,Bihar,Jamui,24.78418380462726,86.26316298200514,BIHAR,1760405,916064,844341,858588,1525746,217621,8443,162,159,1839
64,Bihar,Jehanabad,25.155679045643165,84.9208124481328,BIHAR,1125313,585582,539731,618881,1045117,75742,691,148,248,1106
65,Bihar,Katihar,25.56565356037151,87.70466083591326,BIHAR,3071029,1600430,1470599,1280190,1684589,1365645,8659,2754,212,2941
66,Bihar,Khagaria,25.53558891454964,86.56593256351037,BIHAR,1666886,883786,783100,768028,1486989,175588,1253,143,79,1580
67,Bihar,Kishanganj,26.324336758321294,87.95045007235886,BIHAR,1690400,866970,823430,745056,531236,1149095,5783,398,183,1093
68,Bihar,Lakhisarai,25.183449321266963,86.12825701357468,BIHAR,1000912,526345,474567,507270,956396,40886,487,140,52,1186
69,Bihar,Madhepura,25.77341929460581,86.8978443983403,BIHAR,2001762,1047559,954203,834577,1753829,241760,1342,170,60,1397
70,Bihar,Madhubani,26.41380538172716,86.16328360450552,BIHAR,4487379,2329313,2158066,2155338,3652168,818912,3262,564,328,5319
71,Bihar,Munger,25.198537962962963,86.54173672839504,BIHAR,1367765,729041,638724,801817,1252319,110416,1815,338,95,2653
72,Bihar,Muzaffarpur,26.18664417177915,85.32745092024543,BIHAR,4801062,2527497,2273565,2509232,4032773,745546,5149,933,288,10290
73,Bihar,Nalanda,25.229345508982053,85.48053113772461,BIHAR,2877653,1497060,1380593,1519933,2669775,198033,1978,393,414,4156
74,Bihar,Nawada,24.825708836206903,85.61594568965519,BIHAR,2219146,1144668,1074478,1091012,1964620,244394,1299,250,176,1841
75,Bihar,Pashchim Champaran,27.16064352201258,84.30265911949685,BIHAR,3935042,2061110,1873932,1759481,3047427,865090,8469,926,1337,3495
76,Bihar,Patna,25.40297114503818,85.3198433587787,BIHAR,5838465,3078512,2759953,3459679,5356075,439952,12551,4803,1062,40692
77,Bihar,Purba Champaran,26.68129336734693,85.00382155612242,BIHAR,5099371,2681209,2418162,2276957,4086453,990349,4865,668,878,7719
78,Bihar,Purnia,25.81714801901739,87.40447606973065,BIHAR,3264619,1699370,1565249,1332326,1989420,1255641,7989,614,353,4170
79,Bihar,Rohtas,24.99170460829495,83.9350762672811,BIHAR,2959918,1543546,1416372,1799832,2645415,300487,2889,2569,1584,4594
80,Bihar,Saharsa,25.821270696721303,86.54670819672135,BIHAR,1900661,997174,903487,804996,1629254,266620,1292,197,60,1668
81,Bihar,Samastipur,25.793205563909765,85.94833323308269,BIHAR,4261566,2230003,2031563,2142880,3800598,452370,2126,554,292,5379
82,Bihar,Saran,25.89656077844312,84.82266287425155,BIHAR,3951862,2022821,1929041,2157454,3534772,406449,2330,371,229,4509
83,Bihar,Sheikhpura,25.12472436548223,85.77839390862943,BIHAR,636342,329743,306599,328676,596102,37653,313,75,41,631
84,Bihar,Sheohar,26.458380748663107,85.29539411764709,BIHAR,656246,346673,309573,283698,552492,99342,522,216,73,478
85,Bihar,Sitamarhi,26.56570069686413,85.61172491289203,BIHAR,3423574,1803252,1620322,1436794,2672311,740101,2897,261,253,3460
86,Bihar,Siwan,26.1736372013652,84.33766552901022,BIHAR,3330464,1675090,1655374,1930175,2712635,608282,2618,369,407,3834
87,Bihar,Supaul,26.28157893772896,86.78496465201461,BIHAR,2229076,1155283,1073793,1033283,1809936,409251,3758,271,136,1845
88,Bihar,Vaishali,25.8134703180212,85.39247597173153,BIHAR,3495021,1844535,1650486,1926740,3152346,333980,2203,707,362,4810
89,Chandigarh,Chandigarh,30.7426,76.75872465753424,CHANDIGARH,1055450,580663,474787,805438,852574,51447,8720,138329,1160,44283
90,Chhattisgarh,Bastar,19.393866751269048,81.52895126903546,CHHATTISGARH,1413199,698487,714712,650863,1277975,12413,27951,2099,985,1782
91,Chhattisgarh,Bilaspur,22.356942982456143,81.99770350877188,HIMACHAL PRADESH,381956,192764,189192,287620,371973,6984,236,2387,113,1574
92,Chhattisgarh,Bilaspur,22.356942982456143,81.99770350877188,CHHATTISGARH,2663629,1351574,1312055,1596560,2540763,57973,20745,6373,2979,8566
93,Chhattisgarh,Dhamtari,20.554912627291245,81.7569195519348,CHHATTISGARH,799781,397897,401884,546833,777188,10425,2644,1196,667,1016
94,Chhattisgarh,Durg,21.194463849287164,81.33181639511197,CHHATTISGARH,3343872,1682101,1661771,2303378,3129745,83499,24304,24276,19587,16141
95,Chhattisgarh,Jashpur,22.77286167664669,83.8703962075848,CHHATTISGARH,851669,424747,426922,495415,629509,15336,189588,474,467,567
96,Chhattisgarh,Korba,22.491712499999995,82.57604326923074,CHHATTISGARH,1206640,612915,593725,748759,1133176,30195,21059,3666,897,4544
97,Chhattisgarh,Koriya,23.50412776859501,82.12515636363635,CHHATTISGARH,658917,334737,324180,397823,604259,25878,9398,1391,84,1667
98,Chhattisgarh,Mahasamund,21.223727037773354,82.65925427435384,CHHATTISGARH,1032754,511967,520787,637963,1008061,12570,5284,2941,521,961
99,Chhattisgarh,Raigarh,22.008265068493166,83.27797698630134,CHHATTISGARH,1493984,750278,743706,951639,1422986,17332,47653,2117,781,3342
100,Chhattisgarh,Raigarh,22.008265068493166,83.27797698630134,MAHARASHTRA,2634200,1344345,1289855,1939994,2239370,227465,17452,7477,121791,38570
101,Chhattisgarh,Raipur,20.88603153846152,82.20032759615388,CHHATTISGARH,4063872,2048186,2015686,2629749,3881485,103038,23181,16707,8397,20261
102,Chhattisgarh,Surguja,23.32719278728607,83.23582493887531,CHHATTISGARH,2359886,1193129,1166757,1187941,2126195,81442,97432,2303,1287,2737
103,Daman and Diu,Daman,20.431616666666677,72.8392366071429,DAMAN AND DIU,191173,124659,66514,150348,171537,16087,2618,169,216,1316
104,Daman and Diu,Junagadh,20.72568199498111,70.83985639899612,GUJARAT,2743082,1404356,1338726,1842818,2397056,334858,2586,1110,1291,6628
105,Goa,North Goa,15.548723418714054,73.80667997909038,GOA,818008,416677,401331,663060,622213,57941,134169,618,553,23440
106,Goa,South Goa,15.195278658183785,73.941792596877,GOA,640537,322463,318074,502427,341664,63623,231961,855,542,17624
107,Gujarat,Ahmadabad,22.605425564971743,72.23898135593227,GUJARAT,7214225,3788051,3426174,5435760,6042416,883238,50754,14542,4518,126341
108,Gujarat,Amreli,21.04832649310872,71.43457637825426,GUJARAT,1514190,771049,743141,995459,1410463,99105,919,415,243,2538
109,Gujarat,Anand,22.282718206229863,72.57782051557454,GUJARAT,2092745,1087224,1005521,1551253,1798794,250919,29789,1524,267,9902
110,Gujarat,Banas Kantha,24.258538965517253,71.93205252873561,GUJARAT,3120506,1610379,1510127,1704923,2890305,213505,1686,486,281,3424
111,Gujarat,Bharuch,21.75787276237761,72.67326346710801,GUJARAT,1551019,805707,745312,1118276,1188204,343511,9494,1733,442,10257
112,Gujarat,Bhavnagar,21.70219390341736,72.16272632761141,GUJARAT,2880365,1490201,1390164,1887255,2632574,212863,3457,1410,445,7297
113,Gujarat,Gandhinagar,23.193679790026252,72.67221679790026,GUJARAT,1391753,723864,667889,1030494,1319586,57273,3237,1985,497,12107
114,Gujarat,Jamnagar,22.410600414263328,69.62062005768233,GUJARAT,2160119,1114192,1045927,1396534,1810443,320805,4392,1873,1086,11573
115,Gujarat,Junagadh,20.929523011609785,70.54733890140345,GUJARAT,2743082,1404356,1338726,1842818,2397056,334858,2586,1110,1291,6628
116,Gujarat,Kachchh,23.48057203301311,68.82192301497916,GUJARAT,2092371,1096737,995634,1252319,1608921,442355,6192,6353,490,9631
117,Gujarat,Kheda,22.88765312500002,73.018803515625,GUJARAT,2299885,1185727,1114158,1660243,2000884,264482,26629,1403,300,5710
118,Gujarat,Mahesana,23.529355452865065,72.45545194085031,GUJARAT,2035064,1056520,978544,1502645,1885732,136431,1954,1082,146,7759
119,Gujarat,Narmada,21.70666386292833,73.68403208722742,GUJARAT,590297,301086,289211,370336,559848,22600,4413,147,80,576
120,Gujarat,Navsari,20.866973318871995,72.86184869848157,GUJARAT,1329672,678165,651507,1001909,1225087,78669,5733,2459,601,6726
121,Gujarat,Panch Mahals,22.80435606837605,73.61984598290586,GUJARAT,2390776,1226961,1163815,1440805,2220974,158513,2863,662,337,3456
122,Gujarat,Patan,23.80634198473284,71.75162977099237,GUJARAT,1343734,694397,649337,837913,1194745,142797,916,337,66,2231
123,Gujarat,Porbandar,21.55092351651571,69.71896987722886,GUJARAT,585449,300209,285240,393678,549749,33565,500,248,91,1653
124,Gujarat,Rajkot,22.40603377715488,70.83679439383323,GUJARAT,3804558,1974445,1830113,2725056,3397406,361388,5478,1918,1170,21785
125,Gujarat,Sabar Kantha,23.71803594548552,73.13638790459964,GUJARAT,2428589,1244231,1184358,1578734,2260560,148563,6375,614,168,5262
126,Gujarat,Surat,21.25761372772093,72.93488716344339,GUJARAT,6081322,3402224,2679098,4571410,5260193,660772,21052,5703,12902,55694
127,Gujarat,Surendranagar,22.82672007299272,71.48358740875906,GUJARAT,1756268,909917,846351,1093626,1620282,109681,1419,512,312,2975
128,Gujarat,The Dangs,20.801633877551023,73.6883518367347,GUJARAT,228291,113821,114470,140968,203545,3593,20029,69,32,137
129,Gujarat,Vadodara,22.26133739279589,73.49433010291594,GUJARAT,4165626,2153736,2011890,2893080,3713941,384579,23813,9340,2069,53606
130,Gujarat,Valsad,20.44238231644259,72.9148584798345,GUJARAT,1705678,887222,818456,1170657,1571147,94034,19661,1589,913,11020
131,Haryana,Ambala,30.3503672316384,76.94970310734456,HARYANA,1128350,598703,529647,818025,955096,22143,3705,138202,381,12899
132,Haryana,Bhiwani,28.728868064516128,76.02110225806452,HARYANA,1634445,866672,767773,1069871,1611031,15515,873,2401,254,5292
133,Haryana,Faridabad,28.14873109756098,77.32718536585368,HARYANA,1809733,966110,843623,1272739,1588407,161680,9743,34572,640,43437
134,Haryana,Fatehabad,29.57298318584072,75.54608716814157,HARYANA,942011,495360,446651,557578,779243,8360,996,150969,171,3210
135,Haryana,Gurgaon,28.043894789579163,77.01935130260523,HARYANA,1514432,816690,697742,1111116,1408801,70842,9725,15097,944,67087
136,Haryana,Hisar,29.23628731117825,75.84324682779452,HARYANA,1743931,931562,812369,1114311,1701061,21650,1945,12270,334,10132
137,Haryana,Jhajjar,28.59651868131869,76.61137142857145,HARYANA,958405,514667,443738,676091,945693,8247,734,1042,105,5034
138,Haryana,Jind,29.45149821958457,76.29598575667653,HARYANA,1334152,713006,621146,832758,1276669,23016,889,29103,172,5263
139,Haryana,Kaithal,29.96068539094649,76.37698930041155,HARYANA,1074304,571003,503301,646529,974520,8232,1769,87558,265,3724
140,Haryana,Karnal,29.703200647249204,76.87488025889972,HARYANA,1505324,797712,707612,978013,1341002,31650,2049,126207,532,11163
141,Haryana,Kurukshetra,30.05652659846548,76.78774680306903,HARYANA,964655,510976,453679,646893,805175,15970,1943,140395,214,7356
142,Haryana,Mahendragarh,28.1352161458333,76.14018072916659,HARYANA,922088,486665,435423,630255,913251,5660,301,1737,75,2624
143,Haryana,Panchkula,30.700897142857134,76.97173238095236,HARYANA,561293,299679,261614,405318,490702,23451,2583,40951,1008,18615
144,Haryana,Panipat,29.34352134146342,76.92895914634147,HARYANA,1205437,646857,558580,786599,1083936,86622,2261,25064,289,10024
145,Haryana,Rewari,28.19164714828897,76.55956007604564,HARYANA,900332,474335,425997,636947,889133,5713,701,1804,202,5121
146,Haryana,Rohtak,28.892517647058817,76.53123235294117,HARYANA,1061204,568479,492725,747582,1043887,8185,732,3916,200,8482
147,Haryana,Sirsa,29.63583446327684,74.90970480225988,HARYANA,1295189,682582,612607,782897,940255,9524,2186,338962,370,6287
148,Himachal Pradesh,Bilaspur,31.3780422907489,76.65316079295157,HIMACHAL PRADESH,381956,192764,189192,287620,371973,6984,236,2387,113,1574
149,Himachal Pradesh,Bilaspur,31.3780422907489,76.65316079295157,CHHATTISGARH,2663629,1351574,1312055,1596560,2540763,57973,20745,6373,2979,8566
150,Himachal Pradesh,Chamba,32.66741814595661,76.39354063116366,HIMACHAL PRADESH,519080,261320,257760,323842,479782,32455,1559,2745,1740,1615
151,Himachal Pradesh,Hamirpur,31.67668481012659,76.49767088607594,HIMACHAL PRADESH,454768,217070,237698,358091,449412,3711,243,591,95,2521
152,Himachal Pradesh,Hamirpur,31.67668481012659,76.49767088607594,UTTAR PRADESH,1104285,593537,510748,653299,1010014,91269,814,196,74,1196
153,Himachal Pradesh,Kangra,32.14093603238864,76.41205910931173,HIMACHAL PRADESH,1510075,750591,759484,1152640,1461140,19797,3023,8929,14511,8053
154,Himachal Pradesh,Kinnaur,31.60667184065933,78.51613736263741,HIMACHAL PRADESH,84121,46249,37872,60699,64732,448,485,249,18086,354
155,Himachal Pradesh,Kullu,31.90911922077925,77.40922649350647,HIMACHAL PRADESH,437903,225452,212451,307672,415669,2974,1568,1396,15377,2623
156,Himachal Pradesh,Mandi,31.635805940594054,76.96556930693067,HIMACHAL PRADESH,999777,498065,501712,723747,981412,9460,876,4081,2628,5333
157,Himachal Pradesh,Shimla,31.155725451807253,77.62573042168668,HIMACHAL PRADESH,814010,425039,388971,612642,791449,11810,2025,4047,3262,9177
158,Himachal Pradesh,Sirmaur,30.682764453961443,77.43184689507493,HIMACHAL PRADESH,529855,276289,253566,362645,476830,33215,577,15501,2645,2220
159,Himachal Pradesh,Solan,31.03864311926604,76.94442140672783,HIMACHAL PRADESH,580320,308754,271566,428578,548579,14678,1452,13926,574,5250
160,Himachal Pradesh,Una,31.58330388349513,76.18353932038836,HIMACHAL PRADESH,521173,263692,257481,399715,480138,14275,390,26009,56,2412
161,Jammu and Kashmir,Doda,33.359614675767915,76.07163720136518,JAMMU AND KASHMIR,409936,213641,196295,219083,187621,220614,472,422,21,596
162,Jammu and Kashmir,Jammu,32.713199095022645,74.8477520361991,JAMMU AND KASHMIR,1529958,813821,716137,1137135,1289240,107489,12104,114272,470,19905
163,Jammu and Kashmir,Kargil,33.565994894894914,76.63675315315312,JAMMU AND KASHMIR,140802,77785,63017,86236,10341,108239,604,1171,20126,235
164,Jammu and Kashmir,Kathua,32.51781678321678,75.58901398601404,JAMMU AND KASHMIR,616435,326109,290326,389204,540063,64234,1828,9551,24,1443
165,Jammu and Kashmir,Pulwama,33.88414418604652,75.00921860465118,JAMMU AND KASHMIR,560440,293064,267376,293958,13840,535159,1109,9440,35,1537
166,Jammu and Kashmir,Punch,33.791241290322574,74.29593161290322,JAMMU AND KASHMIR,476835,251899,224936,261724,32604,431279,958,11188,83,346
167,Jammu and Kashmir,Srinagar,34.27312898550724,75.11021159420288,JAMMU AND KASHMIR,1236829,651124,585705,748584,42540,1177342,2746,12187,285,16413
168,Jammu and Kashmir,Udhampur,33.04770670731707,75.15286951219511,JAMMU AND KASHMIR,554985,296784,258201,322354,489044,59771,1962,3418,106,1214
169,Jharkhand,Bokaro,23.6814965034965,85.98398374125864,JHARKHAND,2062330,1072807,989523,1273520,1636460,241451,13730,4174,1890,9754
170,Jharkhand,Chatra,24.11619945750453,84.93295804701627,JHARKHAND,1042886,533935,508951,510061,903179,116710,6565,888,35,590
171,Jharkhand,Deoghar,24.33070100755672,86.75697632241814,JHARKHAND,1492073,775022,717051,793538,1165140,302626,6027,143,188,1944
172,Jharkhand,Dhanbad,23.854509090909097,86.40372924901185,JHARKHAND,2684487,1405956,1278531,1722204,2149480,431762,11243,9727,331,11568
173,Jharkhand,Dumka,24.275006125574265,87.27662450229711,JHARKHAND,1321442,668514,652928,672409,1044726,106865,86404,234,267,1193
174,Jharkhand,Garhwa,24.082114689265527,83.68664265536722,JHARKHAND,1322784,683575,639209,653476,1104475,194680,17168,123,371,565
175,Jharkhand,Giridih,24.30578509874329,86.08710915619386,JHARKHAND,2445474,1258098,1187376,1253475,1856202,508586,14645,937,650,1944
176,Jharkhand,Godda,24.8189,87.2941735483871,JHARKHAND,1313551,677927,635624,604519,937126,289182,37795,97,128,874
177,Jharkhand,Gumla,23.078532948929148,84.55056787479396,JHARKHAND,1025213,514390,510823,559720,309563,51429,202449,221,531,831
178,Jharkhand,Jamtara,23.97873318077801,86.95325080091534,JHARKHAND,791042,404830,386212,426312,550560,164406,4419,520,118,808
179,Jharkhand,Latehar,23.72511185840708,84.48298743362837,JHARKHAND,726978,369666,357312,350682,473049,69808,47653,120,128,340
180,Jharkhand,Lohardaga,23.488796043165483,84.6605169064748,JHARKHAND,461790,232629,229161,259707,112378,95012,16770,51,33,351
181,Jharkhand,Pakur,24.57260428082189,87.69691969178076,JHARKHAND,900422,452661,447761,352881,410127,322963,75865,356,283,328
182,Jharkhand,Palamu,24.196925968109337,84.20310842824594,JHARKHAND,1939869,1006302,933567,1024563,1683169,238295,6164,734,188,2155
183,Jharkhand,Ranchi,23.184235061391547,85.31781937244203,JHARKHAND,2914253,1494937,1419316,1911433,1612239,410759,193974,4826,932,22538
184,Jharkhand,Sahibganj,24.93667989690721,87.68264097938142,JHARKHAND,1150567,589391,561176,483263,628044,398243,83208,198,245,591
185,Jharkhand,Simdega,22.608760391198054,84.59193691931536,JHARKHAND,599578,300309,299269,343483,201524,15103,306601,51,753,423
186,Karnataka,Bagalkot,16.15860676328503,75.64526070853468,KARNATAKA,1889752,950111,939641,1113412,1634229,219991,3433,443,412,3745
187,Karnataka,Bangalore Rural,12.936827087794448,77.47369314775169,KARNATAKA,990923,509172,481751,688749,890429,92252,5368,389,272,3729
188,Karnataka,Belgaum,16.16107219152853,74.72329042357275,KARNATAKA,4779661,2423063,2356598,3052032,4038331,528412,18418,2037,1086,17560
189,Karnataka,Bellary,15.074377548209377,76.47228471074374,KARNATAKA,2452595,1236954,1215641,1421621,2103633,320834,14014,1029,284,9626
190,Karnataka,Bidar,17.950361730769224,77.19459961538459,KARNATAKA,1703300,870665,832635,1042673,1289709,335184,35438,1145,30453,3971
191,Karnataka,Bijapur,16.84015316666667,75.95909166666665,CHHATTISGARH,255230,128663,126567,86919,245151,1617,2709,68,1649,117
192,Karnataka,Bijapur,16.84015316666667,75.95909166666665,KARNATAKA,2177331,1111022,1066309,1248268,1786830,369588,2433,558,374,4987
193,Karnataka,Chikmagalur,13.425288289676422,75.67626502311249,KARNATAKA,1137961,566622,571339,818345,1004553,101235,26000,182,109,4510
194,Karnataka,Chitradurga,14.29102220394736,76.57821957236843,KARNATAKA,1659456,840843,818613,1087392,1520553,128751,3175,322,84,5711
195,Karnataka,Davanagere,14.330414586709884,75.91723841166937,KARNATAKA,1945497,986400,959097,1308540,1658465,265805,5420,307,164,7320
196,Karnataka,Dharwad,15.343831376975173,75.13831264108359,KARNATAKA,1847023,937206,909817,1301664,1390020,386834,28747,1486,715,15013
197,Karnataka,Gadag,15.507128256880746,75.64861302752298,KARNATAKA,1064570,537147,527423,700177,907750,143665,3432,231,79,3373
198,Karnataka,Gulbarga,17.070459515951594,76.87503850385033,KARNATAKA,2566326,1301755,1264571,1427368,2011014,513125,8344,826,9589,9752
199,Karnataka,Hassan,12.945098749999998,76.11049549999997,KARNATAKA,1776421,883667,892754,1225256,1630814,120011,15611,289,623,4851
200,Karnataka,Haveri,14.737582809224318,75.3961230607966,KARNATAKA,1597668,819128,778540,1085443,1281878,297927,2406,419,68,2456
201,Karnataka,Kodagu,12.39684468085106,75.79336595744688,KARNATAKA,554519,274608,279911,412877,448986,87274,17130,139,126,3308
202,Karnataka,Kolar,13.312799881235172,78.01376947743476,KARNATAKA,1536401,776396,760005,1016219,1305431,199873,26722,253,150,5051
203,Karnataka,Koppal,15.651253271028034,76.1617048598131,KARNATAKA,1389920,699926,689994,809085,1218024,161770,4081,296,85,2135
204,Karnataka,Mandya,12.574901806239744,76.81570098522172,KARNATAKA,1805769,905085,900684,1149649,1712695,77801,8506,322,299,3367
205,Karnataka,Mysore,12.248100259403367,76.52881802853437,KARNATAKA,3001127,1511600,1489527,1962180,2631985,290549,39361,1255,16194,28397
206,Karnataka,Raichur,16.050795353982295,76.87368606194688,KARNATAKA,1928812,964511,964301,979769,1634062,272022,10394,538,2265,5200
207,Karnataka,Shimoga,14.063845885634592,75.17882078103197,KARNATAKA,1752753,877415,875338,1263016,1479424,234664,26521,400,120,8791
208,Karnataka,Tumkur,13.592467760074973,77.02297966260545,KARNATAKA,2678980,1350594,1328386,1813391,2413812,245923,9130,477,187,7971
209,Karnataka,Udupi,13.450404228534568,74.72009990316337,KARNATAKA,1177361,562131,615230,926429,1009179,96740,65838,232,161,9070
210,Kerala,Alappuzha,9.542602965599087,76.38010796263319,KERALA,2127789,1013142,1114647,1852797,1460447,224545,435056,268,146,28842
211,Kerala,Ernakulam,10.004879301987431,76.26957729035381,KERALA,3282388,1619557,1662831,2855676,1509557,514397,1248137,860,614,88737
212,Kerala,Idukki,9.80480963855423,77.04586641566264,KERALA,1108974,552808,556166,923010,541854,82206,481507,100,189,8250
213,Kerala,Kannur,11.941523076923056,75.35209891725934,KERALA,2523003,1181446,1341557,2138434,1509592,742483,262526,424,1118,32653
214,Kerala,Kasaragod,12.33310309912974,75.07768497134369,KERALA,1307375,628613,678762,1037492,729987,486913,87454,151,362,10378
215,Kerala,Kollam,8.929388820570157,76.6360775852431,KERALA,2635375,1246968,1388407,2240273,1697635,508500,421598,208,272,31542
216,Kerala,Kottayam,9.643701174068417,76.46059673302705,KERALA,1974551,968289,1006262,1749798,983598,126499,858608,204,358,37849
217,Kerala,Kozhikode,11.392924270557026,75.71158720159153,KERALA,3086293,1470942,1615351,2615443,1734958,1211131,131516,297,235,36791
218,Kerala,Malappuram,10.97329875666072,75.93910775606876,KERALA,4112920,1960328,2152592,3311315,1135259,2888849,81556,205,179,27909
219,Kerala,Palakkad,10.784926903553291,76.49980490693744,KERALA,2809934,1359478,1450456,2239492,1875980,812936,114397,220,238,27162
220,Kerala,Thiruvananthapuram,8.537101759082221,76.88711502868073,KERALA,3301427,1581678,1719749,2785408,2194057,452915,630573,404,301,71621
221,Kerala,Thrissur,10.458932647907687,76.12321940836945,KERALA,3121200,1480763,1640437,2678548,1823442,532839,757484,259,278,56148
222,Kerala,Wayanad,11.715277464788736,76.07587007042254,KERALA,817420,401684,415736,645585,404460,234185,174453,61,312,4712
223,Madhya Pradesh,Anuppur,23.18184220430107,81.86560000000007,MADHYA PRADESH,749237,379114,370123,436595,686524,21473,2132,606,86,1290
224,Madhya Pradesh,Ashoknagar,24.63098846153845,77.82974493927134,MADHYA PRADESH,845071,443837,401234,469109,778214,40707,635,8009,1352,619
225,Madhya Pradesh,Balaghat,21.80020720640569,80.42170053380796,MADHYA PRADESH,1701698,842178,859520,1147623,1519384,38542,5295,1050,72162,1712
226,Madhya Pradesh,Barwani,21.702135714285724,74.91004719710673,MADHYA PRADESH,1385881,699340,686541,549926,1318869,58222,2967,2361,416,1158
227,Madhya Pradesh,Betul,21.964626315789477,77.7873428189117,MADHYA PRADESH,1575362,799236,776126,939769,1505745,37590,3271,1078,9651,2109
228,Madhya Pradesh,Bhind,26.35951126187245,78.7618324287653,MADHYA PRADESH,1703005,926843,776162,1094917,1595400,66776,973,4047,12215,1166
229,Madhya Pradesh,Bhopal,23.480726143790854,77.39246623093679,MADHYA PRADESH,2371061,1236130,1134931,1660690,1755861,525434,23432,10789,21688,40788
230,Madhya Pradesh,Burhanpur,21.364567254408065,76.24460478589425,MADHYA PRADESH,757847,388504,369343,408679,552526,180840,1199,1074,19883,986
231,Madhya Pradesh,Chhatarpur,24.813637376460004,79.56449299191374,MADHYA PRADESH,1762375,936121,826254,943033,1676918,70351,1980,968,250,1880
232,Madhya Pradesh,Chhindwara,22.227966971713823,78.76413136439254,MADHYA PRADESH,2090922,1064468,1026454,1294198,1923920,100692,4893,2258,24471,3588
233,Madhya Pradesh,Damoh,23.76624407960196,79.47049303482588,MADHYA PRADESH,1264219,661873,602346,747715,1186420,47966,1681,1096,119,1432
234,Madhya Pradesh,Datia,25.90226439560441,78.63916571428574,MADHYA PRADESH,786754,420157,366597,491445,747693,28483,683,490,7923,616
235,Madhya Pradesh,Dewas,22.7851110021322,76.46088805970157,MADHYA PRADESH,1563715,805359,758356,925369,1376591,174259,2355,2330,382,3518
236,Madhya Pradesh,Dhar,22.572681718963157,75.1105620736698,MADHYA PRADESH,2185793,1112725,1073068,1077338,2051219,116202,2261,1607,328,2388
237,Madhya Pradesh,Dindori,22.83738437047757,81.04332966714911,MADHYA PRADESH,704524,351913,352611,378714,605435,6736,4238,260,61,554
238,Madhya Pradesh,Guna,24.49043927178156,77.2235895968791,MADHYA PRADESH,1241519,649362,592157,653980,1172248,49203,1208,3271,529,2482
239,Madhya Pradesh,Gwalior,26.04074441964285,78.12782433035713,MADHYA PRADESH,2032036,1090327,941709,1357210,1835299,141735,4119,24790,4361,15779
240,Madhya Pradesh,Harda,22.227659781121783,77.07022571819435,MADHYA PRADESH,570465,294838,275627,352550,527462,38640,683,676,93,986
241,Madhya Pradesh,Hoshangabad,22.595268801996703,78.02168094841929,MADHYA PRADESH,1241350,648725,592625,810644,1175203,52269,4453,3127,1550,2871
242,Madhya Pradesh,Indore,22.680265752128648,75.9133801324502,MADHYA PRADESH,3276697,1699627,1577070,2309130,2728225,415142,18523,25696,11496,48691
243,Madhya Pradesh,Jabalpur,23.18525572327043,79.98328754716981,MADHYA PRADESH,2463289,1277278,1186011,1756468,2159065,203652,23142,13256,4320,20443
244,Madhya Pradesh,Jhabua,22.419578015397768,74.40921616766468,MADHYA PRADESH,1025048,515023,510025,352081,960925,15733,38423,141,65,744
245,Madhya Pradesh,Katni,23.724416229116937,80.33819665871127,MADHYA PRADESH,1292042,662013,630029,790773,1240650,37232,3158,1167,157,2179
246,Madhya Pradesh,Mandla,22.70348712446353,80.38600543633753,MADHYA PRADESH,1054905,525272,529633,604962,849518,16558,12450,436,297,912
247,Madhya Pradesh,Mandsaur,24.19278764044944,75.43588667736759,MADHYA PRADESH,1340411,682851,657560,834591,1192588,125548,1120,849,242,2324
248,Madhya Pradesh,Morena,26.37313504531724,77.88447341389724,MADHYA PRADESH,1965970,1068417,897553,1179685,1875495,76159,1092,557,3234,1781
249,Madhya Pradesh,Neemuch,24.70311893333336,75.06608186666664,MADHYA PRADESH,826067,422653,403414,508834,741288,67324,1508,1110,224,1945
250,Madhya Pradesh,Panna,24.451325840092657,80.21133001158752,MADHYA PRADESH,1016520,533480,483040,552559,974748,35214,418,186,37,653
251,Madhya Pradesh,Raisen,23.292518206521724,78.16305495923909,MADHYA PRADESH,1331597,700358,631239,820220,1195235,120331,1725,2262,253,1141
252,Madhya Pradesh,Rajgarh,23.785499026425583,76.66431223922116,MADHYA PRADESH,1545814,790212,755602,804245,1433879,106928,1243,460,121,1611
253,Madhya Pradesh,Ratlam,23.503562290502792,75.14895782122909,MADHYA PRADESH,1455069,738241,716828,825880,1267043,151071,3996,1353,175,3644
254,Madhya Pradesh,Rewa,24.861184625158856,81.57572465057183,MADHYA PRADESH,2365106,1225100,1140006,1441757,2268838,85414,1964,832,986,3406
255,Madhya Pradesh,Sagar,23.800318709677374,78.71940357771273,MADHYA PRADESH,2378458,1256257,1122201,1545719,2198297,103480,5580,4146,991,4546
256,Madhya Pradesh,Satna,24.62777621776502,80.75547048710598,MADHYA PRADESH,2228935,1157495,1071440,1371781,2158623,59471,2228,1163,364,3754
257,Madhya Pradesh,Sehore,22.9297199679658,77.06780202883085,MADHYA PRADESH,1311332,683743,627589,780362,1163607,137980,1404,640,357,1566
258,Madhya Pradesh,Seoni,22.33230487804874,79.66053863928111,MADHYA PRADESH,1379131,695879,683252,864194,1145052,79739,1857,360,7288,1182
259,Madhya Pradesh,Shahdol,23.44859864559819,81.4596831828442,MADHYA PRADESH,1066063,540021,526042,604194,997073,42426,2372,912,268,1733
260,Madhya Pradesh,Shajapur,23.566620317220547,76.33555181268885,MADHYA PRADESH,1512681,780520,732161,894612,1321003,174724,815,631,179,1382
261,Madhya Pradesh,Sheopur,25.78014810996563,77.16911116838484,MADHYA PRADESH,687861,361784,326077,328025,638702,41396,230,6387,201,273
262,Madhya Pradesh,Shivpuri,25.37802451874367,77.74861600810549,MADHYA PRADESH,1726050,919795,806255,900846,1648749,51200,1117,7151,3421,1852
263,Madhya Pradesh,Sidhi,24.17547189952905,82.1053783359498,MADHYA PRADESH,1127033,575912,551121,600785,1077545,34419,511,128,92,837
264,Madhya Pradesh,Tikamgarh,25.14099852104666,78.89357064846428,MADHYA PRADESH,1445166,760355,684811,747940,1383475,44143,588,251,109,1090
265,Madhya Pradesh,Ujjain,23.319288862745065,75.80383717647058,MADHYA PRADESH,1986864,1016289,970575,1240990,1718204,233133,4659,3241,945,7501
266,Madhya Pradesh,Umaria,23.59601063063061,80.90879477477475,MADHYA PRADESH,644758,330674,314084,356672,620515,15966,667,190,70,839
267,Madhya Pradesh,Vidisha,23.82838307984792,77.9013507604563,MADHYA PRADESH,1458875,769568,689307,862918,1287391,149548,1313,914,295,1926
268,Maharashtra,Akola,20.746310479041902,77.12122320359276,MAHARASHTRA,1813906,932334,881572,1411281,1107809,357253,4483,1504,328033,6163
269,Maharashtra,Amravati,21.16520991810736,77.67583503184723,MAHARASHTRA,2888445,1480768,1407677,2251875,2055177,421410,7223,2242,383891,9438
270,Maharashtra,Aurangabad,20.0979228832952,75.32072196796334,BIHAR,2540073,1318684,1221389,1466002,2291133,237353,2218,295,334,2362
271,Maharashtra,Aurangabad,20.0979228832952,75.32072196796334,MAHARASHTRA,3701282,1924469,1776813,2503837,2545438,786677,15991,5142,309093,23258
272,Maharashtra,Bhandara,21.211792649727748,80.10950199637024,MAHARASHTRA,1200334,605520,594814,899860,1009352,26502,2145,831,154458,2932
273,Maharashtra,Bid,18.952353340080982,75.69319706477731,MAHARASHTRA,2585049,1349106,1235943,1718507,2174672,320395,2097,824,68482,5614
274,Maharashtra,Buldana,20.56680611183355,76.39017880364096,MAHARASHTRA,2586258,1337560,1248698,1879874,1845424,354236,3531,1668,364229,4767
275,Maharashtra,Chandrapur,20.095609090909075,79.31556380471388,MAHARASHTRA,2204307,1123834,1080473,1578615,1780085,92297,10701,5251,286734,8239
276,Maharashtra,Dhule,21.274018690400517,74.58719071837263,MAHARASHTRA,2050862,1054031,996831,1293916,1825460,187901,3653,1422,13405,6065
277,Maharashtra,Gondiya,21.225008411214997,80.17522698598128,MAHARASHTRA,1322507,661554,660953,1004243,1153861,26157,1827,2160,125282,2866
278,Maharashtra,Hingoli,19.59525302245251,77.09239412780653,MAHARASHTRA,1177345,606294,571051,790743,863199,127552,992,643,176679,1221
279,Maharashtra,Jalgaon,20.8828943415638,75.55140421810695,MAHARASHTRA,4229917,2197365,2032552,2891882,3457615,560261,7091,3091,143865,14297
280,Maharashtra,Jalna,19.984612534818933,75.98473607242339,MAHARASHTRA,1959046,1011473,947573,1195523,1504641,274221,12542,1629,152540,3791
281,Maharashtra,Kolhapur,16.44881301587301,74.12897150793648,MAHARASHTRA,3876001,1980658,1895343,2825845,3379906,286558,15573,1570,29766,22269
282,Maharashtra,Latur,18.348687268993856,76.75812607802874,MAHARASHTRA,2454196,1273140,1181056,1650672,2006984,367664,2387,935,66535,6217
283,Maharashtra,Nagpur,21.196556862745105,79.02166176470584,MAHARASHTRA,4653570,2384975,2268595,3673808,3492202,390974,34667,20469,668050,57964
284,Maharashtra,Nanded,19.209316983017,77.6829048951049,MAHARASHTRA,3361292,1730075,1631217,2189425,2501741,471951,3902,13540,354189,7548
285,Maharashtra,Nandurbar,21.523175625248147,74.32638757443429,MAHARASHTRA,1648295,833170,815125,906509,1521618,96182,8467,685,4969,2579
286,Maharashtra,Nashik,20.266912871287143,74.03824168316828,MAHARASHTRA,6107187,3157186,2950001,4345366,5237009,693052,23946,8912,94783,45039
287,Maharashtra,Osmanabad,18.19459456066944,75.99495575313809,MAHARASHTRA,1657576,861535,796041,1137810,1437623,178925,942,340,28216,3209
288,Maharashtra,Parbhani,19.31032425249168,76.70163338870431,MAHARASHTRA,1836086,942870,893216,1157814,1328385,306364,2081,1371,187899,3982
289,Maharashtra,Pune,18.51696171428573,74.12922881632647,MAHARASHTRA,9429408,4924105,4505303,7171723,8090254,673704,134192,27090,340404,235018
290,Maharashtra,Raigarh,18.453257637845976,73.0090609418579,CHHATTISGARH,1493984,750278,743706,951639,1422986,17332,47653,2117,781,3342
291,Maharashtra,Raigarh,18.453257637845976,73.0090609418579,MAHARASHTRA,2634200,1344345,1289855,1939994,2239370,227465,17452,7477,121791,38570
292,Maharashtra,Ratnagiri,17.210195070127703,73.25725893866404,MAHARASHTRA,1615069,761121,853948,1199392,1307211,187197,1990,230,113467,7752
293,Maharashtra,Sangli,17.154930181086502,74.70713822937628,MAHARASHTRA,2822143,1435728,1386415,2049467,2440312,239607,9098,1260,38210,13212
294,Maharashtra,Satara,17.6737908974359,74.18052064102558,MAHARASHTRA,3003741,1510842,1492899,2225694,2691952,146970,4408,1182,141315,14093
295,Maharashtra,Sindhudurg,16.170948049777163,73.51329008172343,MAHARASHTRA,849651,417332,432319,666067,780384,26264,15471,219,24762,3517
296,Maharashtra,Solapur,17.837357937584812,75.42394823609216,MAHARASHTRA,4317756,2227852,2089904,2910676,3795424,441254,9882,1279,35497,15145
297,Maharashtra,Thane,19.698767747440264,72.79882742564581,MAHARASHTRA,11060148,5865078,5195070,8227161,8716055,1355630,280700,39149,449617,256170
298,Maharashtra,Wardha,20.80743024390242,78.57259105691062,MAHARASHTRA,1300774,668385,632389,1019458,1057096,53854,2696,2147,175417,4313
299,Maharashtra,Washim,20.282282394366213,77.25502394366208,MAHARASHTRA,1197160,620302,576858,869917,859949,142672,1707,518,179330,1875
300,Maharashtra,Yavatmal,20.04258346738159,78.05326371760479,MAHARASHTRA,2772348,1419965,1352383,2022574,2251401,239236,4567,1596,249874,6094
301,Manipur,Bishnupur,24.50712111801243,93.8246236024845,MANIPUR,237399,118782,118617,156333,175102,18691,4264,56,76,676
302,Manipur,Chandel,24.2635812987013,94.09443844155844,MANIPUR,144182,74579,69603,90302,10810,3086,129049,136,400,184
303,Manipur,Churachandpur,24.30309718875504,93.38671506024085,MANIPUR,274143,138820,135323,195935,12034,2886,254979,152,495,837
304,Manipur,Senapati,25.08465586034914,94.03366234413956,MANIPUR,479148,247323,231825,264477,43833,1649,426819,140,2409,256
305,Manipur,Tamenglong,24.98312942238265,93.49450740072204,MANIPUR,140651,72371,68280,85006,2995,589,134760,59,425,125
306,Manipur,Thoubal,24.545392553191498,93.97959893617023,MANIPUR,422168,210845,211323,269304,267146,107323,4322,106,114,880
307,Manipur,Ukhrul,25.05900314960629,94.44129566929138,MANIPUR,183998,94718,89280,129829,7553,1115,174112,108,635,276
308,Meghalaya,East Garo Hills,25.82728228228228,90.64684924924916,MEGHALAYA,317917,161223,156694,192147,17272,3359,289708,56,1004,288
309,Meghalaya,East Khasi Hills,25.303763888888884,91.75922519841272,MEGHALAYA,825922,410749,415173,578030,144935,14185,543394,2495,3111,5032
310,Meghalaya,Jaintia Hills,25.33959557069844,92.37608160136298,MEGHALAYA,395124,196285,198839,187527,12456,1646,271596,34,284,510
311,Meghalaya,South Garo Hills,25.240568578553614,90.64560349127176,MEGHALAYA,142334,73170,69164,82062,7036,1050,132984,27,332,179
312,Meghalaya,West Garo Hills,25.495285185185185,90.03709947089942,MEGHALAYA,643291,324159,319132,358702,122936,106788,389956,209,3392,1630
313,Meghalaya,West Khasi Hills,25.500889926739926,91.25364542124538,MEGHALAYA,383461,193715,189746,230678,6498,1533,366881,58,1313,149
314,Mizoram,Aizawl,23.90781335453101,92.85359459459472,MIZORAM,400309,199270,201039,340595,13249,5264,379134,105,1570,4019
315,Mizoram,Champhai,23.54166580976866,93.24221799485862,MIZORAM,125745,63388,62357,100802,1075,699,123446,9,151,186
316,Mizoram,Kolasib,24.2020004347826,92.73470391304348,MIZORAM,83955,42918,41037,65895,4000,4426,75210,16,108,367
317,Mizoram,Lawngtlai,22.36102843137253,92.66964156862753,MIZORAM,117894,60599,57295,62861,1668,522,63892,52,51549,162
318,Mizoram,Lunglei,23.007717036172675,92.63512555425892,MIZORAM,161428,82891,78537,121122,5231,1290,127124,74,27543,482
319,Mizoram,Mamit,23.73852942502819,92.4330803833147,MIZORAM,86364,44828,41536,60191,2989,1782,69104,13,12328,90
320,Mizoram,Saiha,22.35744801061008,93.02827931034489,MIZORAM,56574,28594,27980,42233,933,514,54977,11,102,168
321,Mizoram,Serchhip,23.263864705882344,92.914158496732,MIZORAM,64937,32851,32086,54476,991,335,63444,6,60,131
322,Nagaland,Dimapur,25.814176811594223,93.75074057971014,NAGALAND,378811,197394,181417,278037,108900,31212,234239,566,1270,3303
323,Nagaland,Kohima,25.60311428571428,93.78600657596373,NAGALAND,267988,138966,129022,197489,25496,4384,234955,998,1519,1928
324,Nagaland,Mokokchung,26.478911764705888,94.522426006192,NAGALAND,194622,101092,93530,159494,9840,2057,181847,78,442,537
325,Nagaland,Mon,26.69207374301676,95.03072988826828,NAGALAND,250260,131753,118507,119626,8102,3444,236494,84,1256,178
326,Nagaland,Phek,25.63272986577182,94.56814563758392,NAGALAND,163418,83743,79675,105893,3563,950,158224,31,350,170
327,Nagaland,Tuensang,26.21104453280316,94.85809880715708,NAGALAND,196596,101933,94663,117511,2979,1052,191864,27,572,155
328,Nagaland,Wokha,26.202611551155112,94.1990815181518,NAGALAND,166343,84505,81838,128208,5605,2043,158236,34,318,198
329,Nagaland,Zunheboto,26.028178205128206,94.50026666666668,NAGALAND,140757,71217,69540,102881,2580,772,136995,39,286,261
330,Orissa,Baleshwar,21.48570932311624,87.08085828011933,ORISSA,2320529,1185787,1134742,1621232,2197709,94254,6434,237,111,7370
331,Orissa,Bhadrak,20.95262735257214,86.81496204516931,ORISSA,1506337,760260,746077,1094140,1398543,104202,745,169,81,2637
332,Orissa,Cuttack,20.407640646029623,85.7776810228802,ORISSA,2624470,1352760,1271710,2011469,2457729,141263,11985,1026,6276,15046
333,Orissa,Dhenkanal,20.79887159353349,85.53226836027711,ORISSA,1192811,612593,580218,829910,1185542,4805,727,124,366,1810
334,Orissa,Gajapati,19.121080882352945,84.14015091911759,ORISSA,577817,282882,294935,262537,353160,1556,219482,53,2180,635
335,Orissa,Ganjam,19.2632617564534,84.80297710437702,ORISSA,3529031,1779218,1749813,2210050,3486059,13315,23975,590,174,9049
336,Orissa,Jharsuguda,21.827058566978184,83.93581682242987,ORISSA,579505,296690,282815,405879,553587,12783,10462,1441,80,2498
337,Orissa,Kalahandi,19.784253092783523,83.1124043814433,ORISSA,1576869,787101,789768,802036,1555367,4975,11160,796,175,1953
338,Orissa,Kandhamal,20.092878624813142,84.02216352765326,ORISSA,733110,359945,373165,399786,580300,2138,148895,82,290,768
339,Orissa,Kendrapara,20.606319815982264,86.83763247572003,ORISSA,1440361,717814,722547,1089265,1386792,50247,1423,169,62,1628
340,Orissa,Khordha,20.054162322274863,85.52234834123229,ORISSA,2251673,1167137,1084536,1749936,2147632,84060,12527,1264,475,35701
341,Orissa,Koraput,18.82627794779476,82.81278469846964,ORISSA,1379647,678809,700838,568090,1294151,8850,68550,518,219,3988
342,Orissa,Malkangiri,18.25227930367506,81.98293636363628,ORISSA,613192,303624,309568,244706,600219,1871,10039,213,43,448
343,Orissa,Mayurbhanj,21.897621545157754,86.4030408052231,ORISSA,2519738,1256213,1263525,1369397,2113079,33706,15008,661,162,2950
344,Orissa,Nayagarh,20.192895622119817,85.05614700460825,ORISSA,962789,502636,460153,688362,955754,5278,383,107,33,1163
345,Orissa,Nuapada,20.471309512195116,82.59152536585364,ORISSA,610382,301962,308420,299383,601092,4952,1778,724,76,757
346,Orissa,Puri,19.83509174603177,85.86698989898981,ORISSA,1698730,865380,833350,1291939,1644905,46094,4239,193,243,3416
347,Orissa,Rayagada,19.292840020060204,83.45860120361095,ORISSA,967911,471960,495951,407735,874445,4607,84916,219,249,1553
348,Orissa,Sambalpur,21.515752380952385,84.34958483245157,ORISSA,1041099,526877,514222,703691,964188,20120,50637,2506,310,5231
349,Orissa,Sundargarh,22.06354819277107,84.50524819277099,ORISSA,2093437,1061147,1032290,1342322,1532352,71391,385011,5713,710,12787
350,Puducherry,Karaikal,10.876161726078813,79.82369793621002,PONDICHERRY,200222,97809,102413,154916,152638,28835,18391,46,63,1868
351,Puducherry,Mahe,12.006420793787758,75.28275021570326,PONDICHERRY,41816,19143,22673,36470,27940,12856,958,3,21,574
352,Puducherry,Yanam,16.707695652173904,82.26187304347832,PONDICHERRY,55626,27301,28325,39274,53537,1191,873,3,1,207
353,Punjab,Amritsar,31.548679820627772,74.79883856502238,PUNJAB,2490656,1318408,1172248,1684770,690939,12502,54344,1716935,876,29961
354,Punjab,Bathinda,30.190524611973352,75.05685898004438,PUNJAB,1388525,743197,645328,844868,380569,16299,2474,984286,246,11284
355,Punjab,Faridkot,30.591187250996025,74.79751553784862,PUNJAB,617508,326671,290837,381285,141363,3125,1227,469789,155,4348
356,Punjab,Fatehgarh Sahib,30.64290947368421,76.36208394736842,PUNJAB,600163,320795,279368,426033,152851,16808,1698,427521,48,5138
357,Punjab,Firozpur,30.63407535211269,74.40245732394365,PUNJAB,2029074,1071637,957437,1227511,906408,6844,19358,1090815,454,10042
358,Punjab,Gurdaspur,32.04283371212125,75.3204064393939,PUNJAB,2298323,1212617,1085706,1634719,1074332,27667,176587,1002874,405,14428
359,Punjab,Hoshiarpur,31.55157169811319,75.8469857442349,PUNJAB,1586625,809057,777568,1199699,1000743,23089,14968,538208,3476,13747
360,Punjab,Jalandhar,31.250336907216507,75.54400350515463,PUNJAB,2193590,1145211,1048379,1622537,1394329,30233,26016,718363,11385,39082
361,Punjab,Kapurthala,31.336592638036837,75.47641165644177,PUNJAB,815168,426311,388857,576567,336124,10190,5445,453692,6662,9732
362,Punjab,Ludhiana,30.76596397379912,75.83110851528383,PUNJAB,3498739,1867816,1630923,2560225,1502403,77713,16517,1863408,2007,58589
363,Punjab,Mansa,29.919547714285724,75.4304922857143,PUNJAB,769751,408732,361019,423560,156539,10375,917,598443,123,2673
364,Punjab,Moga,30.756540067340065,75.1600845117845,PUNJAB,995746,525920,469826,627889,158414,9388,3277,818921,178,7897
365,Punjab,Muktsar,30.31243303303303,74.5518747747748,PUNJAB,901896,475622,426274,524848,254920,4333,1681,638625,240,4571
366,Punjab,Patiala,30.214540380693364,76.27505893949697,PUNJAB,1895686,1002522,893164,1266791,783306,40043,5683,1059944,245,24274
367,Punjab,Rupnagar,30.910937330754347,76.53743500967126,PUNJAB,684627,357485,327142,502731,304481,14492,2094,361045,118,6600
368,Punjab,Sangrur,30.185045204336895,75.89437014178496,PUNJAB,1655169,878029,777140,1002077,389410,179116,2406,1077438,268,10736
369,Rajasthan,Ajmer,26.199300378787903,74.6990419191919,RAJASTHAN,2583052,1324085,1258967,1526673,2201663,314159,10605,6799,417,13499
370,Rajasthan,Alwar,27.55271738035265,76.65359630562563,RAJASTHAN,3674179,1939026,1735153,2182476,3039279,547335,2696,64532,4384,9750
371,Rajasthan,Banswara,23.453642032967014,74.44246868131869,RAJASTHAN,1797485,907754,889731,829343,1701234,48834,22250,427,138,2324
372,Rajasthan,Baran,24.98023243243244,76.86210651828291,RAJASTHAN,1222755,633945,588810,693307,1133349,79984,1432,3066,84,1363
373,Rajasthan,Barmer,25.77070908045978,71.50297126436782,RAJASTHAN,2603751,1369022,1234729,1188322,2244882,321192,1157,450,157,2766
374,Rajasthan,Bharatpur,27.32411858037578,77.21752077244258,RAJASTHAN,2548462,1355726,1192736,1480869,2143046,371286,1576,23456,899,4179
375,Rajasthan,Bhilwara,25.45119767759564,74.63947595628417,RAJASTHAN,2408523,1220736,1187787,1256126,2224839,142427,1978,1468,183,6207
376,Rajasthan,Bikaner,28.12489068322981,73.26943322981371,RAJASTHAN,2363937,1240801,1123136,1278801,2073356,235741,1901,20072,285,7607
377,Rajasthan,Bundi,25.48580716049379,75.79984074074079,RAJASTHAN,1110906,577160,533746,585044,1017688,66609,682,11059,144,1392
378,Rajasthan,Chittaurgarh,24.631623761665463,74.80010997846382,RAJASTHAN,1544338,783171,761167,821825,1413163,97855,1274,1515,252,4941
379,Rajasthan,Churu,28.29330375536484,74.65846427038629,RAJASTHAN,2039547,1051446,988101,1149269,1777879,249736,958,402,188,2577
380,Rajasthan,Dausa,26.91234817629181,76.57342097264443,RAJASTHAN,1634409,857787,776622,938051,1582335,45488,439,296,94,1719
381,Rajasthan,Dhaulpur,26.72397054945053,77.74476219780222,RAJASTHAN,1206516,653647,552869,683098,1127520,72258,688,1356,92,1330
382,Rajasthan,Dungarpur,23.75104807692308,73.84765641025645,RAJASTHAN,1388552,696532,692020,681591,1340065,28662,830,240,226,1477
383,Rajasthan,Ganganagar,29.256785412667963,73.56192303262948,RAJASTHAN,1969168,1043340,925828,1193343,1437144,50688,2077,474853,938,6295
384,Rajasthan,Hanumangarh,29.1813351791531,74.74632573289902,RAJASTHAN,1774692,931184,843508,1034136,1433067,118673,1542,216997,241,3360
385,Rajasthan,Jaipur,27.033459290187885,75.77117286012533,RAJASTHAN,6626178,3468507,3157671,4300965,5819980,687452,12708,18782,1020,76565
386,Rajasthan,Jaisalmer,26.86900838548185,71.18371877346682,RAJASTHAN,669919,361708,308211,308653,497045,168129,874,1723,98,754
387,Rajasthan,Jalor,25.07578093797277,72.18647261724662,RAJASTHAN,1828730,936634,892096,829582,1732852,78990,730,231,144,1585
388,Rajasthan,Jhalawar,24.24725541474657,76.11242891705065,RAJASTHAN,1411129,725143,685986,739792,1299751,96164,842,819,46,1750
389,Rajasthan,Jhunjhunun,28.13517401247401,75.52840893970894,RAJASTHAN,2137045,1095896,1041149,1370360,1905682,228178,1004,275,56,4828
390,Rajasthan,Jodhpur,26.678460838536967,73.00450847457628,RAJASTHAN,3687165,1923928,1763237,2031532,3224399,411558,6035,4123,514,19335
391,Rajasthan,Karauli,26.51901555555556,76.96081818181815,RAJASTHAN,1458248,783639,674609,805849,1370977,81553,602,297,70,1059
392,Rajasthan,Kota,25.175718080000014,76.18618928000001,RAJASTHAN,1951014,1021161,929853,1298345,1661307,243993,5665,11058,280,12843
393,Rajasthan,Nagaur,27.07862016048146,74.14215667001012,RAJASTHAN,3307743,1696325,1611418,1758624,2833443,454487,1912,366,163,4449
394,Rajasthan,Pali,25.80490393541874,73.55285640766907,RAJASTHAN,2037573,1025422,1012151,1085693,1870543,143476,1345,1540,141,4043
395,Rajasthan,Rajsamand,25.24894767441859,73.96570215946844,RAJASTHAN,1156597,581339,575258,619139,1105676,33677,759,260,100,1989
396,Rajasthan,Sawai Madhopur,26.251081180223288,76.4219283891548,RAJASTHAN,1335551,704031,631520,741748,1165505,155681,945,812,177,1887
397,Rajasthan,Sikar,27.64644058641976,75.29317422839503,RAJASTHAN,2677333,1374990,1302343,1652117,2342076,327583,1122,356,177,5647
398,Rajasthan,Sirohi,24.7976905263158,72.75309131578943,RAJASTHAN,1036346,534231,502115,476806,996562,30479,1284,572,114,2146
399,Rajasthan,Tonk,26.153935071707927,75.79192216427637,RAJASTHAN,1421326,728136,693190,749659,1243527,153146,754,378,122,1908
400,Rajasthan,Udaipur,24.44076752136749,73.84029839743584,RAJASTHAN,3068420,1566801,1501619,1582629,2869976,104307,7406,4278,209,14211
401,Sikkim,East,27.29600352941175,88.74908392156858,NCT OF DELHI,1709346,907500,801846,1352998,1410852,178807,15792,53027,2643,80037
402,Tamil Nadu,Ariyalur,11.190514836795256,79.22249643916912,TAMIL NADU,754894,374703,380191,480604,708397,7942,37403,104,88,1749
403,Tamil Nadu,Chennai,13.058098905608748,80.28139151846806,TAMIL NADU,4646732,2335844,2310888,3776276,3751322,439270,358662,2851,2804,217368
404,Tamil Nadu,Coimbatore,10.871376995940452,77.07619012178621,TAMIL NADU,3458045,1729297,1728748,2635907,3044145,211035,190314,1112,435,63273
405,Tamil Nadu,Cuddalore,11.57587300613498,79.63002365371497,TAMIL NADU,2605914,1311697,1294217,1815281,2391675,123749,83334,401,236,15396
406,Tamil Nadu,Dharmapuri,12.300141200000006,78.11509813333339,TAMIL NADU,1506843,774303,732540,917709,1452956,38304,14089,164,39,3651
407,Tamil Nadu,Dindigul,10.377801390820574,77.78011279554937,TAMIL NADU,2159775,1080938,1078837,1481834,1879494,105012,169945,313,256,9155
408,Tamil Nadu,Erode,11.267012155963302,77.42034334862392,TAMIL NADU,2251744,1129868,1121876,1492662,2115455,76098,55899,435,148,18604
409,Tamil Nadu,Kancheepuram,12.496424756511884,80.08820360135913,TAMIL NADU,3998252,2012958,1985294,3013382,3537399,173785,256762,1620,990,100322
410,Tamil Nadu,Kanniyakumari,8.183466300191206,77.32053064053538,TAMIL NADU,1870374,926345,944029,1548738,909872,78590,876299,160,438,15673
411,Tamil Nadu,Karur,10.79532776617955,78.08749686847604,TAMIL NADU,1064493,528184,536309,727044,993666,53292,16483,115,29,4915
412,Tamil Nadu,Madurai,9.904313833333331,78.01366033333332,TAMIL NADU,3038252,1526475,1511777,2273430,2760502,168881,97711,520,199,34097
413,Tamil Nadu,Nagapattinam,10.789468161718286,79.79437299431483,TAMIL NADU,1616450,798127,818323,1213008,1435072,128617,47579,184,450,5585
414,Tamil Nadu,Namakkal,11.33766638477801,78.14624841437633,TAMIL NADU,1726601,869280,857321,1176131,1673652,32483,16909,183,108,8960
415,Tamil Nadu,Perambalur,11.260137758112096,78.86034011799416,TAMIL NADU,565223,282157,283066,375823,521658,32702,10301,83,39,1507
416,Tamil Nadu,Pudukkottai,10.130514816433578,79.05444484265728,TAMIL NADU,1618345,803188,815157,1110545,1428784,114194,72850,119,81,4494
417,Tamil Nadu,Ramanathapuram,9.31286995153476,78.99185362412462,TAMIL NADU,1353445,682658,670787,978946,1047411,208038,91139,154,86,5172
418,Tamil Nadu,Salem,11.629324202127655,78.2478257978723,TAMIL NADU,3482056,1781571,1700485,2285562,3326357,95487,53841,412,174,20660
419,Tamil Nadu,Sivaganga,9.960306580645158,78.56535729032255,TAMIL NADU,1339101,668672,670429,959744,1186078,74310,75481,150,80,5773
420,Tamil Nadu,Thanjavur,10.387692255892237,79.3194869107745,TAMIL NADU,2405890,1182416,1223474,1790998,2075870,190814,133971,231,795,13495
421,Tamil Nadu,Theni,9.924066666666668,77.43458833333332,TAMIL NADU,1245899,625683,620216,870080,1148990,56751,37574,152,79,4667
422,Tamil Nadu,Thiruvallur,13.275858101752885,80.19724702864492,TAMIL NADU,3728104,1876062,1852042,2791721,3325823,143093,233633,1422,951,75634
423,Tamil Nadu,Thiruvarur,10.368927409395978,79.60322893959727,TAMIL NADU,1264277,626693,637584,946471,1132785,96092,33192,258,151,4416
424,Tamil Nadu,Tiruvannamalai,12.419318947368414,79.23265631578953,TAMIL NADU,2464875,1235889,1228986,1626813,2294369,91636,66987,232,157,6445
425,Tamil Nadu,Vellore,12.784882632293078,79.02643283582084,TAMIL NADU,3936331,1961688,1974643,2773928,3397857,414760,111390,676,438,20623
426,Tamil Nadu,Virudhunagar,9.468872195892564,77.87641469194315,TAMIL NADU,1942288,967709,974579,1398788,1822626,47838,67405,245,87,10219
427,Tripura,Dhalai,23.781360477941163,91.94654283088232,TRIPURA,378230,194544,183686,276217,307120,8256,22940,175,39120,273
428,Tripura,North Tripura,24.121739755351683,92.17842538226292,TRIPURA,693947,352860,341087,520402,507967,105737,44062,151,34717,997
429,Tripura,South Tripura,23.211874098057383,91.6065807585568,TRIPURA,876001,447544,428457,646810,736015,49258,39258,245,49420,948
430,Tripura,West Tripura,23.780166241299337,91.41310788863107,TRIPURA,1725739,879428,846311,1361354,1512801,152791,53622,499,2128,6394
431,Uttar Pradesh,Agra,26.99512974910393,78.05278291517321,UTTAR PRADESH,4418797,2364953,2053844,2680510,3922718,411313,10076,12057,4049,27183
432,Uttar Pradesh,Aligarh,27.93748576850093,78.00146831119557,UTTAR PRADESH,3673889,1951996,1721893,2092567,2904140,729283,7635,5875,2582,13634
433,Uttar Pradesh,Allahabad,25.392038662316445,82.05172446982063,UTTAR PRADESH,5954391,3131807,2822584,3665727,5102041,796756,13782,4377,4391,24122
434,Uttar Pradesh,Ambedkar Nagar,26.39119025974028,82.68282142857147,UTTAR PRADESH,2397888,1212410,1185478,1486939,1985654,401678,2536,869,1817,2509
435,Uttar Pradesh,Auraiya,26.66892394014961,79.42637057356607,UTTAR PRADESH,1379545,740040,639505,930836,1273546,101963,1004,371,332,2404
436,Uttar Pradesh,Azamgarh,26.008290954773837,83.01220251256285,UTTAR PRADESH,4613913,2285004,2328909,2771917,3878626,718692,3810,719,5652,6652
437,Uttar Pradesh,Baghpat,29.045793499999988,77.30266300000001,UTTAR PRADESH,1303048,700070,602978,797970,917474,364583,1840,483,161,2989
438,Uttar Pradesh,Bahraich,27.691776300578027,81.46779783237004,UTTAR PRADESH,3487731,1843884,1643847,1398368,2291892,1169330,6400,8212,2793,2681
439,Uttar Pradesh,Ballia,25.86075638297873,84.03651978723408,UTTAR PRADESH,3239774,1672902,1566872,1963590,3004240,213440,4463,892,1595,4672
440,Uttar Pradesh,Balrampur,27.449076537911324,82.47158326180256,UTTAR PRADESH,2148665,1114721,1033944,868357,1333242,805975,3228,900,1866,1551
441,Uttar Pradesh,Banda,25.351885902503284,80.52487391304344,UTTAR PRADESH,1799410,965876,833534,1002937,1637549,157612,1367,231,168,1655
442,Uttar Pradesh,Bara Banki,26.922777025232424,81.35762350597606,UTTAR PRADESH,3260699,1707073,1553626,1692458,2505444,737106,4857,2090,1553,3159
443,Uttar Pradesh,Bareilly,28.51101940789474,79.43187072368416,UTTAR PRADESH,4448359,2357665,2090694,2191759,2830768,1536534,14822,28187,4371,15164
444,Uttar Pradesh,Basti,26.833880454545447,82.69790590909092,UTTAR PRADESH,2464464,1255272,1209192,1393783,2082976,364510,3493,900,9753,3423
445,Uttar Pradesh,Bijnor,29.313974259681096,78.45098815489754,UTTAR PRADESH,3682713,1921215,1761498,2135393,2032081,1585210,6184,50624,1736,7303
446,Uttar Pradesh,Bulandshahr,28.34875862068968,78.01082758620684,UTTAR PRADESH,3499171,1845260,1653911,2031656,2707195,777407,4088,2765,669,7865
447,Uttar Pradesh,Chandauli,25.1180859611231,83.25307062634984,UTTAR PRADESH,1952756,1017905,934851,1174606,1727869,215081,2153,1389,340,3492
448,Uttar Pradesh,Chitrakoot,25.159924623803,81.07666087551297,UTTAR PRADESH,991730,527721,464009,531072,955372,34559,693,63,101,827
449,Uttar Pradesh,Deoria,26.42218856548857,83.8244070686071,UTTAR PRADESH,3100946,1537436,1563510,1875239,2730957,358539,3626,818,1182,4469
450,Uttar Pradesh,Etah,27.591155309734443,78.70021858407083,UTTAR PRADESH,1774480,947339,827141,1055202,1611126,146346,2464,708,2887,2635
451,Uttar Pradesh,Etawah,26.78817670157068,79.07621806282728,UTTAR PRADESH,1581810,845856,735954,1062003,1457892,113961,1362,1045,1733,2964
452,Uttar Pradesh,Faizabad,26.60589185185181,82.00783530864202,UTTAR PRADESH,2470996,1259628,1211368,1450901,2094271,365806,3225,1912,737,4746
453,Uttar Pradesh,Farrukhabad,27.45063297872342,79.4406284574468,UTTAR PRADESH,1885204,1006240,878964,1092677,1596278,276846,3137,3160,3161,2624
454,Uttar Pradesh,Fatehpur,25.8374362030905,80.85416203090509,UTTAR PRADESH,2632733,1384722,1248011,1512166,2274674,350700,2201,402,172,3385
455,Uttar Pradesh,Firozabad,27.20963993055552,78.42660624999998,UTTAR PRADESH,2498156,1332046,1166110,1521806,2140745,314812,3370,1804,3395,5834
456,Uttar Pradesh,Gautam Buddha Nagar,28.393311038961038,77.52462467532465,UTTAR PRADESH,1648115,890214,757901,1122947,1394025,215500,7366,9261,895,53181
457,Uttar Pradesh,Ghaziabad,28.74997308584685,77.67441879350343,UTTAR PRADESH,4681645,2488834,2192811,3123264,3414427,1186776,19026,23001,3487,78116
458,Uttar Pradesh,Ghazipur,25.624724775583484,83.5360854578097,UTTAR PRADESH,3620268,1855075,1765193,2197549,3233790,368153,4181,810,3145,5309
459,Uttar Pradesh,Gonda,27.157215552099505,82.0226888024882,UTTAR PRADESH,3433919,1787146,1646773,1679994,2739076,678615,4735,1893,649,4313
460,Uttar Pradesh,Gorakhpur,26.63315886792452,83.3549560377358,UTTAR PRADESH,4440895,2277777,2163118,2700328,4009037,403847,9662,2123,2848,14597
461,Uttar Pradesh,Hamirpur,25.738158381502892,79.82619479768789,HIMACHAL PRADESH,454768,217070,237698,358091,449412,3711,243,591,95,2521
462,Uttar Pradesh,Hamirpur,25.738158381502892,79.82619479768789,UTTAR PRADESH,1104285,593537,510748,653299,1010014,91269,814,196,74,1196
463,Uttar Pradesh,Hardoi,27.337409090909137,80.26411767676768,UTTAR PRADESH,4092845,2191442,1901403,2221601,3508131,556219,5822,5688,6671,3845
464,Uttar Pradesh,Jalaun,26.067954587155988,79.36686911314993,UTTAR PRADESH,1689974,906092,783882,1075196,1509708,171581,1148,463,2875,2217
465,Uttar Pradesh,Jaunpur,25.70141280913127,82.54315351934063,UTTAR PRADESH,4494204,2220465,2273739,2731677,3981502,483750,4947,1286,7898,8002
466,Uttar Pradesh,Jhansi,25.45581535234902,78.89954580536917,UTTAR PRADESH,1998603,1057436,941167,1304513,1823930,147842,7050,4951,1203,8517
467,Uttar Pradesh,Jyotiba Phule Nagar,28.870498984771597,78.39009365482241,UTTAR PRADESH,1840221,963449,876772,983110,1075440,750368,5952,5295,189,2825
468,Uttar Pradesh,Kannauj,26.993988617886185,79.64437940379408,UTTAR PRADESH,1656616,881776,774840,1017087,1375788,273967,1263,504,2033,2488
469,Uttar Pradesh,Kanpur Dehat,26.43047641196011,79.98710083056478,UTTAR PRADESH,1796184,963255,832929,1170243,1612968,176327,1300,478,819,2682
470,Uttar Pradesh,Kaushambi,25.53587532051282,81.41811282051287,UTTAR PRADESH,1599596,838485,761111,813424,1372381,220423,2225,522,687,1503
471,Uttar Pradesh,Kushinagar,26.892530675909864,83.92261542461007,UTTAR PRADESH,3564544,1818055,1746489,1954820,2928462,620244,5006,767,4619,3486
472,Uttar Pradesh,Lalitpur,24.58877161016945,78.60082330508473,UTTAR PRADESH,1221592,641011,580581,641191,1163804,33724,1351,1034,69,1079
473,Uttar Pradesh,Lucknow,26.838233589251463,80.89706026871404,UTTAR PRADESH,4589838,2394476,2195362,3127260,3537787,985070,20493,23883,3877,68506
474,Uttar Pradesh,Mahoba,25.34529670138888,79.67863003472216,UTTAR PRADESH,875958,466358,409600,488106,815142,57454,965,389,94,1316
475,Uttar Pradesh,Mainpuri,27.17386862302482,79.03501851015807,UTTAR PRADESH,1868529,993377,875152,1203885,1746649,100723,1729,475,8814,2642
476,Uttar Pradesh,Mathura,27.59390432801821,77.62153416856502,UTTAR PRADESH,2547184,1367125,1180059,1507746,2310776,216933,3179,2872,883,8726
477,Uttar Pradesh,Mau,26.01082203791469,83.50582654028433,UTTAR PRADESH,2205968,1114709,1091259,1363044,1769937,428555,2109,340,564,2656
478,Uttar Pradesh,Meerut,29.02957625698323,77.80611005586593,UTTAR PRADESH,3443689,1825743,1617946,2141488,2183255,1185643,10582,24912,1855,23717
479,Uttar Pradesh,Mirzapur,25.10207959183675,82.60126628571429,UTTAR PRADESH,2496970,1312302,1184668,1428683,2292534,195765,2373,1133,341,4447
480,Uttar Pradesh,Moradabad,28.851770406189537,78.73580193423597,UTTAR PRADESH,4772006,2503186,2268820,2263848,2488265,2248392,13157,7555,1260,11690
481,Uttar Pradesh,Muzaffarnagar,29.470507977736563,77.64017847866423,UTTAR PRADESH,4143512,2193434,1950078,2417339,2382914,1711453,6495,18601,1516,10077
482,Uttar Pradesh,Pilibhit,28.52024175035868,79.90103974175037,UTTAR PRADESH,2031007,1072002,959005,1061095,1449007,489686,3510,84787,360,2870
483,Uttar Pradesh,Pratapgarh,25.864842731707316,81.93530048780492,RAJASTHAN,867848,437744,430104,401515,827293,25597,358,72,32,716
484,Uttar Pradesh,Pratapgarh,25.864842731707316,81.93530048780492,UTTAR PRADESH,3209141,1606085,1603056,1931559,2731351,452394,3920,1451,7795,5149
485,Uttar Pradesh,Rae Bareli,26.253902840059787,81.22260463378181,UTTAR PRADESH,3405559,1752542,1653017,1965843,2975998,413243,3634,2424,722,5184
486,Uttar Pradesh,Rampur,28.83244727272725,79.10977333333337,UTTAR PRADESH,2335819,1223889,1111930,1043666,1073890,1181337,9201,65316,384,3847
487,Uttar Pradesh,Saharanpur,30.03381165217392,77.59905147826095,UTTAR PRADESH,3466382,1834106,1632276,2077108,1966892,1454052,6523,18627,1937,9699
488,Uttar Pradesh,Sant Kabir Nagar,26.791596516393444,83.0387764344262,UTTAR PRADESH,1715183,869656,845527,954949,1300586,404410,1766,447,4393,2031
489,Uttar Pradesh,Shahjahanpur,27.991389350649328,79.8302275324675,UTTAR PRADESH,3006538,1606403,1400135,1490930,2412595,527581,4630,51090,2312,3889
490,Uttar Pradesh,Sitapur,27.501995963091108,80.85288881199547,UTTAR PRADESH,4483992,2375264,2108728,2283733,3555450,893725,6579,11611,2663,3874
491,Uttar Pradesh,Sonbhadra,24.46693268858798,83.06816324951639,UTTAR PRADESH,1862559,971344,891215,985708,1738769,103567,3963,1649,1747,5149
492,Uttar Pradesh,Sultanpur,26.2846386419753,82.05710456790123,UTTAR PRADESH,3797117,1914586,1882531,2239902,3119590,650261,4453,1629,9989,5956
493,Uttar Pradesh,Unnao,26.63163990895297,80.636773292868,UTTAR PRADESH,3108367,1630087,1478280,1773584,2732016,363453,3574,1204,920,3476
494,Uttar Pradesh,Varanasi,25.36057088888889,82.82529666666672,UTTAR PRADESH,3676841,1921857,1754984,2403903,3107681,546987,7696,3309,1146,19214
495,Uttaranchal,Almora,29.683532133676103,79.50165064267351,UTTARAKHAND,622506,291081,331425,436497,611250,7752,1895,256,201,1830
496,Uttaranchal,Bageshwar,29.98703393393397,79.83954354354357,UTTARAKHAND,259898,124326,135572,179483,257509,1440,397,46,102,435
497,Uttaranchal,Chamoli,30.58338611464965,79.56281095541402,UTTARAKHAND,391605,193991,197614,280556,385818,4395,428,323,190,899
498,Uttaranchal,Champawat,29.29142393939393,80.07720212121217,UTTARAKHAND,259648,131125,128523,177726,249563,8693,870,336,24,548
499,Uttaranchal,Pithoragarh,30.14720631868129,80.34229230769236,UTTARAKHAND,483439,239306,244133,345550,475105,6015,1401,260,185,1344
500,Uttaranchal,Tehri Garhwal,30.463700918635173,78.48783792650917,UTTARAKHAND,618931,297986,320945,407994,609835,7374,656,290,32,1366
501,Uttaranchal,Udham Singh Nagar,29.02779577677222,79.45629004524895,UTTARAKHAND,1648902,858783,790119,1037839,1104452,372267,6064,162768,505,7883
502,Uttaranchal,Uttarkashi,30.968958552036234,78.56880615384617,UTTARAKHAND,330086,168597,161489,215126,324859,3554,353,167,563,602
503,West Bengal,Bankura,23.081280892857155,87.12640053571437,WEST BENGAL,3596674,1838095,1758579,2232992,3033581,290450,3865,386,260,4273
504,West Bengal,Barddhaman,23.444453888888884,87.8150581111111,WEST BENGAL,7717563,3966889,3750674,5247208,6008472,1599764,21220,16675,1602,32323
505,West Bengal,Birbhum,24.06389342723,87.65153089201888,WEST BENGAL,3502404,1790920,1711484,2158447,2181515,1298054,10906,582,258,5210
506,West Bengal,Dakshin Dinajpur,25.342094363021435,88.69821679819614,WEST BENGAL,1676276,857199,819077,1083685,1232850,412788,24794,276,148,2518
507,West Bengal,Darjiling,26.839619571045585,88.33145067024122,WEST BENGAL,1846823,937259,909564,1315585,1366681,105086,141848,2032,209240,10943
508,West Bengal,Haora,22.401674174428507,87.99421176968654,WEST BENGAL,4850029,2500819,2349210,3605206,3535844,1270641,8666,4380,1258,30751
509,West Bengal,Hugli,22.87929264705881,88.00010264705891,WEST BENGAL,5519145,2814653,2704492,4078388,4574569,870204,7300,2662,1730,31725
510,West Bengal,Jalpaiguri,26.62642031250004,89.04154375000003,WEST BENGAL,3872846,1983064,1889782,2498780,3156781,445817,186279,2994,50676,9322
511,West Bengal,Kolkata,22.550581481481483,88.3527648148148,WEST BENGAL,4496694,2356766,2139928,3588137,3440290,926414,39758,13849,4771,136618
512,West Bengal,Maldah,25.08026802575105,88.17191684549356,WEST BENGAL,3988845,2051541,1937304,2086432,1914352,2045151,13209,747,359,5357
513,West Bengal,Murshidabad,24.25950655391121,88.16816860465121,WEST BENGAL,7103807,3627564,3476243,4055834,2359061,4707573,18102,766,348,7951
514,West Bengal,Nadia,23.56410971055088,88.58293034547152,WEST BENGAL,5167600,2653768,2513832,3480555,3728482,1382682,33835,849,514,12787
515,West Bengal,Puruliya,23.254192328767108,86.3968532876713,WEST BENGAL,2930115,1496996,1433119,1624905,2373120,227249,8646,622,209,3551
516,West Bengal,Uttar Dinajpur,26.044619165196977,88.23595232216337,WEST BENGAL,3007134,1551066,1456068,1489667,1482943,1501170,16702,477,432,2883
